<?xml version="1.0" encoding="UTF-8"?>
<project-private xmlns="http://www.netbeans.org/ns/project-private/1">
    <editor-bookmarks xmlns="http://www.netbeans.org/ns/editor-bookmarks/2" lastBookmarkId="0"/>
    <open-files xmlns="http://www.netbeans.org/ns/projectui-open-files/2">
        <group>
            <file>file:/C:/Users/ni15dz/Desktop/VRPWTW1/src/vrpwtw/VRPWTW.java</file>
            <file>file:/C:/Users/ni15dz/Desktop/VRPWTW1/src/vrpwtw/parameters.txt</file>
            <file>file:/C:/Users/ni15dz/Desktop/VRPWTW1/src/vrpwtw/Chromosome.java</file>
            <file>file:/C:/Users/ni15dz/Desktop/VRPWTW1/src/vrpwtw/Parameters.java</file>
            <file>file:/C:/Users/ni15dz/Desktop/VRPWTW1/src/vrpwtw/GeneticAlgorithm.java</file>
            <file>file:/C:/Users/ni15dz/Desktop/VRPWTW1/src/vrpwtw/Vehicle.java</file>
            <file>file:/C:/Users/ni15dz/Desktop/VRPWTW1/src/vrpwtw/Population.java</file>
            <file>file:/C:/Users/ni15dz/Desktop/VRPWTW1/src/vrpwtw/Locations.java</file>
        </group>
    </open-files>
</project-private>
